underlying,tenor_target,expiry_same,atm_iv_yahoo,atm_iv_cboe,atm_iv_diff,vendor_iv_yahoo,vendor_iv_cboe,forward_diff_pct,p5_diff_pct,p95_diff_pct,live_share_yahoo,live_share_cboe
SPY,30,True,0.1260986267297142,0.12620953723769063,0.00011091050797643054,0.12342948112487793,0.12337500000000001,-0.00022873495706399183,-0.024027734871101547,-0.03949807067116229,1.0,0.9910179640718563
SPY,90,True,0.13641291277084516,0.13649572483945827,8.281206861310286e-05,0.1429872384262085,0.133025,-0.002491669929760576,0.0,0.0,0.9538461538461539,1.0
QQQ,30,True,0.18780587616170932,0.18779365095188538,-1.2225209823940597e-05,0.19253584571838378,0.18544999999999998,0.0,0.0,-0.12449329709870449,1.0,1.0
QQQ,90,True,0.1993217002928177,0.19932565463862065,3.954345802942294e-06,0.19731942825317383,0.19685000000000002,0.0,0.0,0.0,0.986046511627907,1.0
IWM,30,True,0.18771004776095995,0.1877831145759143,7.306681495433676e-05,0.18593648544311525,0.18657500000000002,0.0,0.01866221392790024,0.33268826944454766,1.0,0.9462809917355371
IWM,90,True,0.19061151538859117,0.19065737513859868,4.585975000750975e-05,0.1897969204711914,0.18875,0.0,-0.03676277506433623,0.12044915879863005,0.9552238805970149,1.0
TLT,30,True,0.14964855286350917,0.1497005236143199,5.1970750810731436e-05,0.15024653472900393,0.14587499999999998,0.0,-0.7701391384710043,-0.013713031951356758,0.9565217391304348,0.9411764705882353
TLT,90,True,0.14882898672866698,0.14882898672866698,0.0,0.14893429199218752,0.14625000000000002,0.0,0.0,0.0,0.9318181818181818,0.9787234042553191
GLD,30,True,0.21048253782092552,0.21148051088516562,0.0009979730642400986,0.2091982767486572,0.20900000000000002,0.0,-0.11957821502337485,0.005922767116794958,0.9790575916230366,0.9777777777777777
GLD,90,True,0.21305405667324417,0.21305575030049978,1.693627255605623e-06,0.21219659881591796,0.21059999999999998,0.0,0.0,0.0,0.9680851063829787,1.0
USO,30,True,0.47332279277490585,0.4734360855013897,0.00011329272648386013,0.475865837097168,0.466725,0.0,0.0,0.0,0.9903846153846154,0.875
USO,90,True,0.44599801301801406,0.4456526625319221,-0.0003453504860919665,0.45491572921752926,0.44045,0.0,0.0,0.0,0.8888888888888888,0.9228187919463087
XLE,30,True,0.25955981225012525,0.2586087768446114,-0.0009510354055138337,0.29181616394042964,0.25930000000000003,-0.06560530060305547,-2.4331631120456554,-0.05398984990823141,0.9302325581395349,0.9054054054054054
