run_date,source,underlying,tenor_target,snapshot_time,expiry,dte,spot,forward,atm_iv,vendor_atm_iv,n_smile_points,live_quote_share,pcr_volume,pcr_oi,skew_90_110,dist_skewness,expected_move_1sigma,mean,p5,p16,p25,p50,p75,p84,p95,quality_ok,quality_warnings
2026-10-06,yahoo,SPY,30,2026-10-06T22:10:57+00:00,2026-11-06,31,779.0900268554688,782.1540885752627,0.1260986267297142,0.1234294811248779,151,1.0,2.360731388767958,3.037637947725073,0.0854101953605188,-1.739257807522985,28.743330691987147,782.1893632204848,730.1503759398496,757.218045112782,767.1428571428571,786.0902255639098,801.4285714285713,809.5488721804511,824.8872180451128,True,
2026-10-06,yahoo,SPY,90,2026-10-06T22:10:57+00:00,2026-12-31,86,779.0900268554688,785.1722787332938,0.1364129127708451,0.1429872384262085,307,0.953846153846154,1.3978963858117937,2.663363291318336,0.0810520794602713,-1.479266110191903,51.99040897328319,785.8758482612569,689.7744360902255,741.5037593984962,760.7518796992481,793.2330827067669,820.9022556390978,834.1353383458646,859.3984962406015,True,
2026-10-06,cboe,SPY,30,2026-10-06 22:10:48,2026-11-06,31,779.75,782.152299515444,0.1262095372376906,0.123375,155,0.9910179640718564,2.365175438596492,3.037006929121666,0.0855450998298272,-1.8255395587062184,28.76854618966952,782.1395849342185,729.9749373433584,756.8671679197995,767.0676691729323,785.6140350877192,801.3784461152882,808.796992481203,824.561403508772,True,
2026-10-06,cboe,SPY,90,2026-10-06 22:10:48,2026-12-31,86,779.75,785.1527148317277,0.1364957248394582,0.133025,325,1.0,1.4589860614283952,2.626847947263826,0.0808551274245657,-1.475983320968825,52.02067452995327,785.8439197523713,689.7744360902255,741.5037593984962,760.7518796992481,793.2330827067669,820.9022556390978,834.1353383458646,859.3984962406015,True,
2026-10-06,yahoo,QQQ,30,2026-10-06T22:11:04+00:00,2026-11-06,31,759.6599731445312,762.6104618751924,0.1878058761617093,0.1925358457183837,153,1.0,2.006945428773919,2.37046004842615,0.0899039919691927,-0.95998618129547,41.73941424970226,762.7072213623907,687.7067669172932,724.6992481203008,739.0852130325815,766.8295739348371,791.4912280701755,801.7669172932331,825.4010025062657,True,
2026-10-06,yahoo,QQQ,90,2026-10-06T22:11:04+00:00,2026-12-31,86,759.6599731445312,766.7628182208344,0.1993217002928177,0.1973194282531738,250,0.986046511627907,2.2772657450076803,1.0766585621838856,0.066148148824216,-0.8337154081576871,74.18539639014074,766.9133155053365,633.8220551378446,699.9874686716792,726.1779448621554,774.4235588972431,817.155388471178,836.453634085213,875.0501253132832,True,
2026-10-06,cboe,QQQ,30,2026-10-06 22:10:46,2026-11-06,31,760.13,762.6104618751924,0.1877936509518853,0.1854499999999999,155,1.0,2.008424599831508,2.370540941378503,0.0899103022815326,-0.9602861780994688,41.736697225573096,762.7071506094794,687.7067669172932,724.6992481203008,739.0852130325815,766.8295739348371,791.4912280701755,801.7669172932331,824.3734335839599,True,
2026-10-06,cboe,QQQ,90,2026-10-06 22:10:46,2026-12-31,86,760.13,766.7628182208344,0.1993256546386206,0.19685,279,1.0,2.271531100478469,1.0765694038743423,0.0661809497408694,-0.8349042889989875,74.186868155184,766.9096834337449,633.8220551378446,699.9874686716792,726.1779448621554,774.4235588972431,817.155388471178,836.453634085213,875.0501253132832,True,
2026-10-06,yahoo,IWM,30,2026-10-06T22:11:10+00:00,2026-11-06,31,281.3399963378906,282.1738940128115,0.1877100477609599,0.1859364854431152,82,1.0,5.709497206703911,1.0311228055749702,0.0743696448737996,-0.7447588010229627,15.436142046403305,281.87427890028374,255.16290726817044,268.0075187969925,273.3333333333333,283.0451127819549,292.1303258145363,296.203007518797,304.3483709273183,True,
2026-10-06,yahoo,IWM,90,2026-10-06T22:11:10+00:00,2026-12-31,86,281.3399963378906,282.9798106158105,0.1906115153885911,0.1897969204711914,99,0.9552238805970148,1.0484581497797356,2.552587262706675,0.0569823924340197,-0.4735734494595096,26.182274939362067,283.53770337601264,238.60902255639095,259.812030075188,268.38345864661653,285.0751879699248,300.4135338345865,307.63157894736844,322.5187969924812,True,
2026-10-06,cboe,IWM,30,2026-10-06 22:10:45,2026-11-06,31,281.35,282.1738940128115,0.1877831145759143,0.186575,94,0.9462809917355371,6.352305065452476,1.0619014345020346,0.0746031684820303,-0.6683377194511178,15.4421506205205,282.1914558943162,255.21052631578948,268.0075187969925,273.5413533834586,283.22556390977445,292.56390977443607,296.7142857142857,305.3609022556391,True,
2026-10-06,cboe,IWM,90,2026-10-06 22:10:45,2026-12-31,86,281.35,282.9798106158105,0.1906573751385986,0.18875,102,1.0,0.8316008316008316,2.5575336185819078,0.0569294020628654,-0.445328754865588,26.18857420507484,283.6332240684122,238.52130325814537,259.8496240601504,268.6591478696742,285.35087719298247,300.6516290726817,307.6065162907268,322.90726817042605,True,
2026-10-06,cboe,IEF,90,2026-10-06 22:10:39,2027-01-15,101,89.12,89.29828334278749,0.0777292198166197,0.075575,20,0.9047619047619048,0.1593406593406593,1.2699829725127707,0.0138490697180573,-0.0427904025927491,3.6512508698630537,89.38940299571735,83.57142857142857,86.0,87.14285714285714,89.42857142857143,91.66666666666669,92.71428571428572,95.0,True,
2026-10-06,yahoo,TLT,30,2026-10-06T22:11:20+00:00,2026-11-06,31,77.27999877929688,77.28928536212436,0.1496485528635091,0.1502465347290039,25,0.9565217391304348,1.1009615384615383,0.4132388910750523,0.0232558307666378,0.0788851617470027,3.370747552623344,77.69702853185983,73.2218045112782,74.81954887218045,75.7593984962406,77.70175438596492,79.58145363408521,80.45864661654136,82.24436090225564,True,
2026-10-06,yahoo,TLT,90,2026-10-06T22:11:20+00:00,2026-12-31,86,77.27999877929688,77.17665711165748,0.1488289867286669,0.1489342919921875,31,0.9318181818181818,0.981346153846154,0.2953443412670744,0.0252692272374168,0.1687812784778208,5.575403220917655,77.5451179091238,68.98496240601504,72.44360902255639,74.09774436090225,77.4812030075188,80.86466165413533,82.5187969924812,86.12781954887218,True,
2026-10-06,cboe,TLT,30,2026-10-06 22:10:42,2026-11-06,31,77.25,77.28928536212436,0.1497005236143199,0.1458749999999999,26,0.9411764705882352,1.190584662110858,0.4132388910750523,0.0274988212194342,-0.0281287567873674,3.3719181638838687,77.53045944948067,72.65789473684211,74.55263157894737,75.53383458646617,77.59774436090225,79.52631578947368,80.43984962406014,82.23308270676692,True,
2026-10-06,cboe,TLT,90,2026-10-06 22:10:42,2026-12-31,86,77.25,77.17665711165748,0.1488289867286669,0.14625,31,0.9787234042553192,1.0838910133843211,0.2952764283224144,0.0252692272374168,0.1687812784778208,5.575403220917655,77.5451179091238,68.98496240601504,72.44360902255639,74.09774436090225,77.4812030075188,80.86466165413533,82.5187969924812,86.12781954887218,True,
2026-10-06,yahoo,GLD,30,2026-10-06T22:11:25+00:00,2026-11-06,31,382.2699890136719,383.5484686331236,0.2104825378209255,0.2091982767486572,105,0.9790575916230366,0.4231052244297277,0.5968930717768455,0.0073560588451491,0.2456151356621796,23.527226811164663,383.5690638801446,345.82706766917295,361.8045112781955,368.83458646616543,382.89473684210526,397.593984962406,405.2631578947369,423.1578947368421,True,
2026-10-06,yahoo,GLD,90,2026-10-06T22:11:25+00:00,2026-12-31,86,382.2699890136719,385.8769872469933,0.2130540566732441,0.2121965988159179,143,0.9680851063829788,0.2855576597229143,0.4090804805892652,-0.0006594542764636,0.5337014641529878,39.906301583445206,385.9519094002783,323.3583959899749,348.1077694235589,359.9874686716792,383.7468671679198,409.4862155388471,422.3558897243108,455.0250626566416,True,
2026-10-06,cboe,GLD,30,2026-10-06 22:10:50,2026-11-06,31,381.98,383.5484686331236,0.2114805108851656,0.209,114,0.9777777777777776,0.4565300651091535,0.6143472348141432,0.0075406602492152,0.2444053748114133,23.63877781618811,383.5739463475661,345.4135338345865,361.4035087719298,368.671679197995,383.2080200501253,397.7443609022556,405.7393483709273,423.18295739348366,True,
2026-10-06,cboe,GLD,90,2026-10-06 22:10:50,2026-12-31,86,381.98,385.8769872469933,0.2130557503004997,0.2105999999999999,143,1.0,0.7795934635312873,0.4067635065029076,-0.0006587917352097,0.5337085570536096,39.906618809979584,385.95197395980665,323.3583959899749,348.1077694235589,359.9874686716792,383.7468671679198,409.4862155388471,422.3558897243108,455.0250626566416,True,
2026-10-06,yahoo,USO,30,2026-10-06T22:11:31+00:00,2026-11-06,31,144.91000366210938,145.1789985690661,0.4733227927749058,0.475865837097168,51,0.9903846153846154,0.9429147078576224,1.773881499395405,0.0007628147059595,0.5637068829119394,20.026065366030867,146.14694806982854,118.42105263157896,127.63157894736842,132.89473684210526,144.4736842105263,157.36842105263156,164.21052631578948,179.73684210526315,True,
2026-10-06,yahoo,USO,90,2026-10-06T22:11:31+00:00,2027-01-15,101,144.91000366210938,145.94642520293527,0.445998013018014,0.4549157292175292,124,0.8888888888888888,1.8312142403051492,2.052031848859868,-0.0123246424231769,0.8778805777340012,34.240542775683764,145.13612741661746,96.70426065162908,114.29824561403508,122.76942355889724,141.01503759398497,163.1704260651629,175.55137844611528,206.82957393483707,True,
2026-10-06,cboe,USO,30,2026-10-06 22:10:47,2026-11-06,31,145.17,145.1789985690661,0.4734360855013897,0.466725,51,0.875,0.7517630465444288,1.7667603372139702,0.000774647531117,0.5634646974225268,20.03085872815222,146.14815320913397,118.42105263157896,127.63157894736842,132.89473684210526,144.4736842105263,157.36842105263156,164.21052631578948,179.73684210526315,True,
2026-10-06,cboe,USO,90,2026-10-06 22:10:47,2027-01-15,101,145.17,145.94642520293527,0.4456526625319221,0.44045,124,0.9228187919463088,2.5072115384615383,2.0493871342936387,-0.0122989091467578,0.8783482353754155,34.2140292313484,145.14056512436915,96.70426065162908,114.29824561403508,122.76942355889724,141.01503759398497,163.1704260651629,175.55137844611528,206.82957393483707,True,
2026-10-06,yahoo,XLE,30,2026-10-06T22:11:36+00:00,2026-11-06,31,63.75,64.03860968488273,0.2595598122501252,0.2918161639404296,20,0.9302325581395348,0.7622080679405521,0.5910338517840805,0.0158485862937177,0.0543140115576433,4.844107368352975,63.91495429792616,58.40350877192982,60.368421052631575,61.49122807017544,63.8421052631579,66.33333333333333,67.49122807017544,69.63157894736842,True,
2026-10-06,cboe,XLE,30,2026-10-06 22:10:42,2026-11-06,31,63.82,63.99659696249695,0.2586087768446114,0.2593,29,0.9054054054054054,0.8801742919389978,0.6099118273031316,0.0204030198306418,-0.1316372103370611,4.823192057983673,63.439759227674415,56.98245614035088,59.49624060150376,60.77443609022557,63.50125313283208,66.2280701754386,67.5062656641604,69.59398496240601,True,
2026-10-07,yahoo,SPY,30,2026-10-07T19:59:09+00:00,2026-11-06,30,777.364990234375,779.846393108214,0.1256777481955072,0.12352103294372559,148,1.0,1.93168806625535,3.0845548682087145,0.09455160901867779,-1.863712675340179,28.098404075323714,779.770578764761,728.7593984962406,755.5639097744361,765.0751879699249,783.2330827067669,798.796992481203,806.578947368421,820.4135338345865,True,
2026-10-07,yahoo,SPY,90,2026-10-07T19:59:09+00:00,2026-12-31,85,777.364990234375,782.8421317616055,0.13639457348527453,0.14245700080871584,307,0.9538461538461539,2.597413943735803,2.6461878787878788,0.08420125995112743,-1.5338817115113956,51.52693544038825,783.4173926968641,687.3684210526316,739.0977443609022,758.3458646616541,790.827067669173,818.4962406015038,830.5263157894736,855.7894736842105,True,
2026-10-07,cboe,SPY,30,2026-10-07 19:58:17,2026-11-06,30,777.125,779.7746070348976,0.12584594879514469,0.12367500000000001,152,0.9850299401197605,1.9493271775237881,3.083848427841978,0.09487552749044076,-1.9168738751310466,28.133419562990795,779.67357034875,728.6591478696741,755.3508771929825,765.1378446115289,783.8220551378446,798.9473684210527,806.0651629072681,820.3007518796992,True,
2026-10-07,cboe,SPY,90,2026-10-07 19:58:17,2026-12-31,85,777.125,782.7966873485939,0.13648570535317014,0.13355,325,1.0,2.9606944779358573,2.621253829021144,0.08404811847821286,-1.530182639779286,51.5583699341792,783.362629263333,687.3684210526316,739.0977443609022,758.3458646616541,790.827067669173,818.4962406015038,830.5263157894736,855.7894736842105,True,
2026-10-07,yahoo,QQQ,30,2026-10-07T19:59:15+00:00,2026-11-06,30,757.989990234375,760.0320358935506,0.18538654144153285,0.1817060284805298,151,1.0,3.2181109185441943,2.4136476695144373,0.09680609578285082,-1.0864321298686703,40.394691524653595,760.0241622957824,686.8546365914788,723.483709273183,738.3333333333333,764.0726817042607,787.8320802005012,797.7318295739349,819.5112781954888,True,
2026-10-07,yahoo,QQQ,90,2026-10-07T19:59:15+00:00,2026-12-31,85,757.989990234375,763.9731927076725,0.19790721067522626,0.20700866241455076,250,0.986046511627907,2.086454322716136,1.0792981387336666,0.06979441071302689,-0.8694336953357171,72.9630144102183,764.3936960476829,632.4436090225564,698.609022556391,724.7994987468671,771.6666666666667,813.0200501253132,832.3182957393484,870.9147869674185,True,
2026-10-07,cboe,QQQ,30,2026-10-07 19:58:14,2026-11-06,30,757.51,759.9718274226307,0.18547617145920192,0.18375000000000002,152,1.0,3.231079540471806,2.415184678522572,0.09665032025590958,-1.0830426320008524,40.41101985744233,759.9646316216939,685.8646616541354,723.483709273183,738.3333333333333,764.0726817042607,787.8320802005012,797.7318295739349,819.5112781954888,True,
2026-10-07,cboe,QQQ,90,2026-10-07 19:58:14,2026-12-31,85,757.51,764.0537598615045,0.1977151877518157,0.19535,279,1.0,1.5898530109056426,1.0794989184534936,0.0701856499681115,-0.8799594550184578,72.89990784712468,764.4477718005065,632.4436090225564,698.609022556391,724.7994987468671,771.6666666666667,813.0200501253132,832.3182957393484,870.9147869674185,True,
2026-10-07,yahoo,IWM,30,2026-10-07T19:59:21+00:00,2026-11-06,30,277.5950012207031,278.5553854987672,0.19129987668039664,0.18921709228515626,82,1.0,5.491823899371069,1.181814592545799,0.08036896620522338,-0.7678754608641712,15.277083226375673,278.46830249750735,251.71679197994987,264.56140350877195,269.8872180451128,279.9122807017544,288.6842105263158,292.75689223057645,301.2155388471178,True,
2026-10-07,yahoo,IWM,90,2026-10-07T19:59:21+00:00,2026-12-31,85,277.5950012207031,279.32271444281633,0.19421577829564665,0.19173476730346678,100,0.9601990049751243,5.334166146158651,2.4976140272999667,0.059698815163721164,-0.48145874649404335,26.179044661515874,279.94347439828556,234.54887218045113,256.203007518797,265.22556390977445,281.9172932330827,296.8045112781955,304.02255639097746,318.90977443609023,True,
2026-10-07,cboe,IWM,30,2026-10-07 19:58:20,2026-11-06,30,277.65,278.543613495947,0.19138406584139872,0.190225,89,0.9421487603305785,5.577621183002349,1.2104744252080293,0.08014537854658249,-0.745269571933253,15.283160610292146,278.54032814575015,251.66666666666666,264.66666666666663,270.0,279.66666666666663,288.66666666666663,293.0,301.3333333333333,True,
2026-10-07,cboe,IWM,90,2026-10-07 19:58:20,2026-12-31,85,277.65,279.3229373565606,0.19413637255712993,0.191475,101,1.0,7.1519114688128775,2.496916657435102,0.05951283928565823,-0.4769628709859305,26.168362159531164,279.9520022788973,234.54887218045113,256.203007518797,265.22556390977445,281.9172932330827,296.8045112781955,304.02255639097746,318.90977443609023,True,
2026-10-07,yahoo,IEF,30,2026-10-07T19:59:26+00:00,2026-11-06,30,89.11499786376953,89.19394027282323,0.08256524440580879,0.08295594787597657,17,0.967741935483871,0.2617801047120419,0.09680777238029147,0.01760236753772293,-0.1328554995135583,2.1112847749130594,89.19528282614154,86.10275689223057,87.265664160401,87.90726817042606,89.27067669172932,90.53383458646617,91.07518796992481,92.07769423558898,True,
2026-10-07,yahoo,IEF,90,2026-10-07T19:59:26+00:00,2027-01-15,100,89.11499786376953,89.30348862138895,0.07930874727149737,0.07985844467163086,18,0.7794117647058824,0.34017595307917886,1.284932808635583,0.013461266123884583,-0.014994275522460937,3.7071749564004652,89.34971900028103,83.47619047619048,85.9047619047619,87.04761904761905,89.38095238095238,91.66666666666667,92.76190476190476,95.0952380952381,True,
2026-10-07,cboe,IEF,30,2026-10-07 15:06:07,2026-11-06,30,88.99,89.07024321607335,0.08421325284781322,0.07885,17,0.8780487804878049,0.8888888888888888,0.0967741935483871,-0.03884861576495055,-0.12442972584978751,2.150439735185889,89.13672503509254,86.04260651629073,87.22556390977444,87.8671679197995,89.21052631578948,90.43358395989975,90.99498746867168,92.01754385964912,True,
2026-10-07,cboe,IEF,90,2026-10-07 15:06:07,2027-01-15,100,88.99,89.13656987962503,0.08006319305029226,0.077325,20,0.9047619047619048,0.13229571984435798,1.267737552169271,0.013161315908730792,-0.004918946913635722,3.7354453926282827,89.23647562350021,83.33333333333333,85.80952380952381,86.95238095238095,89.28571428571428,91.52380952380952,92.61904761904762,95.0,True,
2026-10-07,yahoo,TLT,30,2026-10-07T19:59:31+00:00,2026-11-06,30,77.09500122070312,77.16055592245338,0.15216277045742763,0.15189446746826174,22,0.9565217391304348,0.5670012839967317,0.43908153701968133,0.03044584541323031,-0.05590692919261791,3.366029749717557,77.45260527543662,73.04761904761905,74.59147869674186,75.52882205513785,77.54135338345864,79.38847117794487,80.18796992481202,81.67669172932331,True,
2026-10-07,yahoo,TLT,90,2026-10-07T19:59:31+00:00,2026-12-31,85,77.09500122070312,77.02019751689406,0.14862232346495546,0.14820187744140625,27,0.9318181818181818,0.23548124296853784,0.29681229242599244,0.024070326090792488,0.15278305052825158,5.523975009475774,77.35479850902581,68.85213032581454,72.26817042606517,73.93984962406014,77.28320802005013,80.6265664160401,82.29824561403508,85.93233082706766,True,
2026-10-07,cboe,TLT,30,2026-10-07 19:59:20,2026-11-06,30,77.105,77.14048643214672,0.15231869130030012,0.14765,27,0.9411764705882353,0.5949567048911771,0.44314024851105,0.02574722166111601,-0.25298941955895154,3.368602509940926,77.15611626846524,71.70676691729324,74.0,75.12781954887218,77.34586466165413,79.33834586466165,80.2406015037594,81.96992481203007,True,
2026-10-07,cboe,TLT,90,2026-10-07 19:59:20,2026-12-31,85,77.105,77.00504937922351,0.14849979490161974,0.14585,27,0.9787234042553191,0.2154986845252332,0.2967448800284031,0.023690158462344374,0.1568825241986484,5.518335338176221,77.33589827211509,68.85213032581454,72.26817042606517,73.8671679197995,77.28320802005013,80.6265664160401,82.29824561403508,85.85964912280701,True,
2026-10-07,yahoo,GLD,30,2026-10-07T19:59:36+00:00,2026-11-06,30,375.8900146484375,377.6487839196332,0.2145179522479811,0.21210504699707033,107,0.9842931937172775,0.3287037037037037,0.5254970544918999,0.011545634081389616,0.22799917114826157,23.225545778035848,377.74015765623443,340.0,355.7142857142857,362.8571428571429,377.1428571428571,392.1428571428571,399.2857142857143,416.42857142857144,True,
2026-10-07,yahoo,GLD,90,2026-10-07T19:59:36+00:00,2026-12-31,85,375.8900146484375,379.9736385351611,0.2136161864990616,0.21296715995788573,143,0.9680851063829787,0.10215319886152704,0.4188850124259224,0.0018918889053995414,0.4734345338572331,39.16973703454153,380.15221837489196,319.3984962406015,344.1478696741855,355.0375939849624,377.8070175438596,402.5563909774436,415.42606516290726,447.10526315789474,True,
2026-10-07,cboe,GLD,30,2026-10-07 19:59:21,2026-11-06,30,376.19,377.6341206027509,0.21461558866299868,0.211675,113,0.9814814814814815,0.3724966622162884,0.5601728417762251,0.011452336160622939,0.2280362895154168,23.235214520181643,377.72453529927805,340.0,355.7142857142857,362.8571428571429,377.1428571428571,392.1428571428571,399.2857142857143,416.42857142857144,True,
2026-10-07,cboe,GLD,90,2026-10-07 19:59:21,2026-12-31,85,376.19,379.92314474292596,0.21359855529740993,0.2114,143,1.0,0.07115181401902078,0.4165840963625294,0.001756748847957429,0.4754527555401456,39.161299345352155,380.09634727719254,319.3984962406015,344.1478696741855,355.0375939849624,377.8070175438596,402.5563909774436,415.42606516290726,447.10526315789474,True,
2026-10-07,yahoo,USO,30,2026-10-07T19:59:41+00:00,2026-11-06,30,143.9499969482422,144.2041694184004,0.46396671701211417,0.46820600158691406,58,1.0,0.9305019305019305,1.4008252284114353,-0.003062653126759629,0.675055191431691,19.18133542037131,145.11657050005837,118.54636591478697,127.91979949874687,132.88220551378447,143.63408521303256,155.48872180451127,161.55388471177946,176.71679197994987,True,
2026-10-07,yahoo,USO,90,2026-10-07T19:59:41+00:00,2027-01-15,100,143.9499969482422,145.07383891282453,0.4469553110578911,0.44666080688476567,107,0.8541666666666666,0.8731488698363211,2.04022493019186,-0.011260999171986696,0.7985979152461254,33.93960420946552,144.14836277328305,96.54135338345864,113.80451127819549,121.81954887218045,140.31578947368422,161.89473684210526,174.22556390977445,204.4360902255639,True,
2026-10-07,cboe,USO,30,2026-10-07 19:59:14,2026-11-06,30,144.0,144.2041694184004,0.46492186549513886,0.46015,59,0.88125,0.7788649706457925,1.3962984723854288,-0.0030773475270821082,0.6698409576477939,19.220823217140744,145.1158879970815,118.54636591478697,127.91979949874687,132.88220551378447,143.63408521303256,155.48872180451127,161.55388471177946,176.71679197994987,True,
2026-10-07,cboe,USO,90,2026-10-07 19:59:14,2027-01-15,100,144.0,144.92412784465276,0.44811276556342605,0.4414,105,0.889261744966443,0.939976275207592,2.0384017135425965,-0.011306272157938835,0.8056968917357296,33.99238048230811,144.02058356705174,96.54135338345864,113.18796992481202,121.81954887218045,140.31578947368422,161.89473684210526,174.22556390977445,204.4360902255639,True,
2026-10-07,yahoo,XLE,30,2026-10-07T19:59:47+00:00,2026-11-06,30,63.404998779296875,63.71092404864391,0.2544300006887232,0.2777171838378906,29,0.9302325581395349,0.5153538050734312,0.5979051498399767,0.0052564793993170045,-0.001672465351537188,4.647254089608121,63.53084348286323,57.69172932330827,59.796992481203006,60.962406015037594,63.5187969924812,66.11278195488723,67.2781954887218,69.38345864661655,True,
2026-10-07,cboe,XLE,30,2026-10-07 19:59:16,2026-11-06,30,63.48,63.70243216073357,0.25557531994941596,0.255075,29,0.918918918918919,0.9010043041606887,0.6279002320185615,0.004411690022097181,0.019332640769995163,4.66755154107574,63.49032194191017,57.65413533834587,59.7593984962406,60.92481203007519,63.4812030075188,66.07518796992481,67.2781954887218,69.38345864661655,True,
